id,source,url,title,organization,salary_from,salary_to,salary_currency,salary_raw,published_at,published_raw,region,experience,employment_type,description,extra_info,is_archive,archive_timestamp,scraped_at
1,profiminer.ru,https://profiminer.ru/vacancy/5864/,Водитель вахтовки,confidential,,,RUB,,2026-07-13T17:45:47+03:00,2026-07-13T17:45:47+03:00,Билибино,,,В ваши задачи будет входить: Развоз пассажиров на объект золотодобычи посменно с другим водителем. Объект в 25-30 минутах от общежития,,0,,2026-09-08T16:02:47.802572
2,profiminer.ru,https://profiminer.ru/vacancy/4903/,Взрывник подземный,confidential,250000.0,,RUB,,2025-07-23T00:38:01+03:00,2025-07-23T00:38:01+03:00,Билибино,,,Ведение ВР; Погрузочно-разгрузочные работы с ВМ.,,0,,2026-09-08T16:02:49.695155
86,profiminer.ru,https://profiminer.ru/vacancy/4903/,Взрывник подземный,confidential,250000.0,,RUB,,2025-07-23T00:38:01+03:00,2025-07-23T00:38:01+03:00,Билибино,,,Ведение ВР; Погрузочно-разгрузочные работы с ВМ.,,1,20250915061326,2026-09-08T16:44:08.501624
3,profiminer.ru,https://profiminer.ru/vacancy/4902/,Электромонтажник,confidential,250000.0,,RUB,,2025-07-23T00:35:48+03:00,2025-07-23T00:35:48+03:00,Билибино,,,,,0,,2026-09-08T16:02:52.418609
87,profiminer.ru,https://profiminer.ru/vacancy/4902/,Электромонтажник,confidential,250000.0,,RUB,,2025-07-23T00:35:48+03:00,2025-07-23T00:35:48+03:00,Билибино,,,,,1,20250907134302,2026-09-08T16:44:49.481644
4,profiminer.ru,https://profiminer.ru/vacancy/4901/,Электрослесарь подземный,confidential,,200000.0,RUB,,2025-07-23T00:31:49+03:00,2025-07-23T00:31:49+03:00,Билибино,,,"Техническое обслуживание и ремонт электрооборудования, электроустановок Устранение неисправностей оборудования на закрепленных участках Ведение технической и оперативной документации Контроль за правильностью эксплуатации электрооборудования персоналом",,0,,2026-09-08T16:02:57.582243
88,profiminer.ru,https://profiminer.ru/vacancy/4901/,Электрослесарь подземный,confidential,,200000.0,RUB,,2025-07-23T00:31:49+03:00,2025-07-23T00:31:49+03:00,Билибино,,,"Техническое обслуживание и ремонт электрооборудования, электроустановок Устранение неисправностей оборудования на закрепленных участках Ведение технической и оперативной документации Контроль за правильностью эксплуатации электрооборудования персоналом",,1,20250907150650,2026-09-08T16:45:26.159419
5,profiminer.ru,https://profiminer.ru/vacancy/4900/,Электромонтер по ремонту воздушных ЛЭП,confidential,156600.0,,RUB,,2025-07-23T00:27:28+03:00,2025-07-23T00:27:28+03:00,Билибино,,,"Ремонт и техническое обслуживание электроустановок до и выше 1000В; Верхолазные работы; Обслуживание и ремонт поверхностного комплекса рудника; Трансформаторные подстанции, кабельные и воздушные линии электропередач, распределительные устройства до и выше 1000В, осветительные и силовые сети",,0,,2026-09-08T16:03:00.341914
89,profiminer.ru,https://profiminer.ru/vacancy/4900/,Электромонтер по ремонту воздушных ЛЭП,confidential,156600.0,,RUB,,2025-07-23T00:27:28+03:00,2025-07-23T00:27:28+03:00,Билибино,,,"Ремонт и техническое обслуживание электроустановок до и выше 1000В; Верхолазные работы; Обслуживание и ремонт поверхностного комплекса рудника; Трансформаторные подстанции, кабельные и воздушные линии электропередач, распределительные устройства до и выше 1000В, осветительные и силовые сети",,1,20250907144340,2026-09-08T16:45:35.167629
6,profiminer.ru,https://profiminer.ru/vacancy/4899/,Мастер смены ЗИФ,confidential,200000.0,250000.0,RUB,,2025-07-23T00:24:37+03:00,2025-07-23T00:24:37+03:00,Билибино,,,"Ведение и контроль технологическим процессом обогатительной фабрикой; Выдача наряд заданий; Обеспечение безопасной работы подчиненными сотрудниками; Проверка состояния рабочих мест, исправность оборудования; Контроль за соблюдением рабочими требований правил и инструкций по технике безопасности и охраны труда.",,0,,2026-09-08T16:03:04.259797
90,profiminer.ru,https://profiminer.ru/vacancy/4899/,Мастер смены ЗИФ,confidential,200000.0,250000.0,RUB,,2025-07-23T00:24:37+03:00,2025-07-23T00:24:37+03:00,Билибино,,,"Ведение и контроль технологическим процессом обогатительной фабрикой; Выдача наряд заданий; Обеспечение безопасной работы подчиненными сотрудниками; Проверка состояния рабочих мест, исправность оборудования; Контроль за соблюдением рабочими требований правил и инструкций по технике безопасности и охраны труда.",,1,20250907144923,2026-09-08T16:45:41.059220
7,profiminer.ru,https://profiminer.ru/vacancy/4898/,Мастер технолог ОТК,confidential,210000.0,210000.0,RUB,,2025-07-23T00:21:55+03:00,2025-07-23T00:21:55+03:00,Билибино,,,"Контроль за качеством выполнения обязанностей сотрудниками подразделения. Ежесменные отчеты о ходе технологических операций. Своевременное и правильное оформление результатов испытаний и документов, связанных с количеством подготовленных к анализу проб. Разработка и внесение изменений в техническую и технологическую документацию ОТК.",,0,,2026-09-08T16:03:07.979357
91,profiminer.ru,https://profiminer.ru/vacancy/4898/,Мастер технолог ОТК,confidential,210000.0,210000.0,RUB,,2025-07-23T00:21:55+03:00,2025-07-23T00:21:55+03:00,Билибино,,,"Контроль за качеством выполнения обязанностей сотрудниками подразделения. Ежесменные отчеты о ходе технологических операций. Своевременное и правильное оформление результатов испытаний и документов, связанных с количеством подготовленных к анализу проб. Разработка и внесение изменений в техническую и технологическую документацию ОТК.",,1,20250907142032,2026-09-08T16:46:09.566626
8,profiminer.ru,https://profiminer.ru/vacancy/4897/,Слесарь по ремонту дорожно-строительной техники,confidential,165000.0,165000.0,RUB,,2025-07-23T00:19:18+03:00,2025-07-23T00:19:18+03:00,Билибино,,,"Ремонт и обслуживание дорожно-строительной техники, машин, тракторов. Устранение и выявление дефектов. Проведение контрольных, крепежных, регулировочных, сборочно-разборочных операций.",,0,,2026-09-08T16:03:11.634516
92,profiminer.ru,https://profiminer.ru/vacancy/4897/,Слесарь по ремонту дорожно-строительной техники,confidential,165000.0,165000.0,RUB,,2025-07-23T00:19:18+03:00,2025-07-23T00:19:18+03:00,Билибино,,,"Ремонт и обслуживание дорожно-строительной техники, машин, тракторов. Устранение и выявление дефектов. Проведение контрольных, крепежных, регулировочных, сборочно-разборочных операций.",,1,20250907135951,2026-09-08T16:47:05.259940
9,profiminer.ru,https://profiminer.ru/vacancy/4896/,Слесарь-ремонтник ЗИФ,confidential,220000.0,220000.0,RUB,,2025-07-22T23:35:24+03:00,2025-07-22T23:35:24+03:00,Билибино,,,Ремонт оборудования ЗИФ.,,0,,2026-09-08T16:03:13.383162
93,profiminer.ru,https://profiminer.ru/vacancy/4896/,Слесарь-ремонтник ЗИФ,confidential,220000.0,220000.0,RUB,,2025-07-22T23:35:24+03:00,2025-07-22T23:35:24+03:00,Билибино,,,Ремонт оборудования ЗИФ.,,1,20250915072046,2026-09-08T16:47:11.846114
10,profiminer.ru,https://profiminer.ru/vacancy/4895/,Слесарь КИПиА,confidential,195000.0,200000.0,RUB,,2025-07-22T23:32:48+03:00,2025-07-22T23:32:48+03:00,Билибино,,,"Ремонт и эксплуатация электрооборудования КИПиА, частотных преобразователей",,0,,2026-09-08T16:03:16.422493
94,profiminer.ru,https://profiminer.ru/vacancy/4895/,Слесарь КИПиА,confidential,195000.0,200000.0,RUB,,2025-07-22T23:32:48+03:00,2025-07-22T23:32:48+03:00,Билибино,,,"Ремонт и эксплуатация электрооборудования КИПиА, частотных преобразователей",,1,20250907145139,2026-09-08T16:47:27.707750
11,profiminer.ru,https://profiminer.ru/vacancy/4894/,Электрослесарь по ремонту дорожно-строительной техники,confidential,190000.0,190000.0,RUB,,2025-07-22T23:29:23+03:00,2025-07-22T23:29:23+03:00,Билибино,,,"Диaгнoстикa электронныx систем автомoбилей (бульдозера, самосвалы, погрузчики, экскаваторы); Pемонт aвтомобильной элeктpопpoводки; Уcтрaнeниe нeисправнoстeй oбoрудoвания.",,0,,2026-09-08T16:03:19.830197
95,profiminer.ru,https://profiminer.ru/vacancy/4894/,Электрослесарь по ремонту дорожно-строительной техники,confidential,190000.0,190000.0,RUB,,2025-07-22T23:29:23+03:00,2025-07-22T23:29:23+03:00,Билибино,,,"Диaгнoстикa электронныx систем автомoбилей (бульдозера, самосвалы, погрузчики, экскаваторы); Pемонт aвтомобильной элeктpопpoводки; Уcтрaнeниe нeисправнoстeй oбoрудoвания.",,1,20250915062946,2026-09-08T16:47:52.297574
12,profiminer.ru,https://profiminer.ru/vacancy/4893/,Электросварщик ручной сварки,confidential,,250000.0,RUB,,2025-07-22T23:25:59+03:00,2025-07-22T23:25:59+03:00,Билибино,,,"Ручная дуговая сплавка различной сложности аппаратов, деталей, узлов, конструкций и трубопроводов из различных сталей, чугуна, цветных металлов и сплавов, предназначенных для работы под динамическими и вибрационными нагрузками.",,0,,2026-09-08T16:03:21.666234
135,profiminer.ru,https://profiminer.ru/vacancy/4893/,Электросварщик ручной сварки,confidential,,250000.0,RUB,,2025-07-22T23:25:59+03:00,2025-07-22T23:25:59+03:00,Билибино,,,"Ручная дуговая сплавка различной сложности аппаратов, деталей, узлов, конструкций и трубопроводов из различных сталей, чугуна, цветных металлов и сплавов, предназначенных для работы под динамическими и вибрационными нагрузками.",,1,20251107181024,2026-09-08T17:16:06.355896
13,profiminer.ru,https://profiminer.ru/vacancy/4892/,Электрогазосварщик подземный (5 разряд),confidential,173000.0,173000.0,RUB,,2025-07-22T23:22:28+03:00,2025-07-22T23:22:28+03:00,Билибино,,,"Ручная дуговая сплавка различной сложности аппаратов, деталей, узлов, конструкций и трубопроводов из различных сталей, чугуна, цветных металлов и сплавов, предназначенных для работы под динамическими и вибрационными нагрузками",,0,,2026-09-08T16:03:24.004252
97,profiminer.ru,https://profiminer.ru/vacancy/4892/,Электрогазосварщик подземный (5 разряд),confidential,173000.0,173000.0,RUB,,2025-07-22T23:22:28+03:00,2025-07-22T23:22:28+03:00,Билибино,,,"Ручная дуговая сплавка различной сложности аппаратов, деталей, узлов, конструкций и трубопроводов из различных сталей, чугуна, цветных металлов и сплавов, предназначенных для работы под динамическими и вибрационными нагрузками",,1,20251107192853,2026-09-08T16:48:32.324788
14,profiminer.ru,https://profiminer.ru/vacancy/4891/,Горнорабочий на геологических работах,confidential,,121000.0,RUB,,2025-07-22T23:19:25+03:00,2025-07-22T23:19:25+03:00,Билибино,,,"Отбор и доставка бороздовых проб, перестановка керновых ящиков, подготовка геологических мешков для проб, изготовления жетонов, поиск дубликатов проб для контроля в контейнере геологических проб, Сопутствующие работы на территории керносклада",,0,,2026-09-08T16:03:28.100531
98,profiminer.ru,https://profiminer.ru/vacancy/4891/,Горнорабочий на геологических работах,confidential,,121000.0,RUB,,2025-07-22T23:19:25+03:00,2025-07-22T23:19:25+03:00,Билибино,,,"Отбор и доставка бороздовых проб, перестановка керновых ящиков, подготовка геологических мешков для проб, изготовления жетонов, поиск дубликатов проб для контроля в контейнере геологических проб, Сопутствующие работы на территории керносклада",,1,20251107190439,2026-09-08T16:48:48.594260
15,profiminer.ru,https://profiminer.ru/vacancy/4890/,Аппаратчик обогащения золотосодержащих руд (цианирования),confidential,190000.0,190000.0,RUB,,2025-07-22T23:16:28+03:00,2025-07-22T23:16:28+03:00,Билибино,,,"Обеспечивать ведение процессов выщелачивания; Осуществлять загрузку аппаратуры сырьем, растворами, реагентами; Производить нагрев растворов, обработку кислот, отбор проб, выгрузку продукции;",,0,,2026-09-08T16:03:30.213101
99,profiminer.ru,https://profiminer.ru/vacancy/4890/,Аппаратчик обогащения золотосодержащих руд (цианирования),confidential,190000.0,190000.0,RUB,,2025-07-22T23:16:28+03:00,2025-07-22T23:16:28+03:00,Билибино,,,"Обеспечивать ведение процессов выщелачивания; Осуществлять загрузку аппаратуры сырьем, растворами, реагентами; Производить нагрев растворов, обработку кислот, отбор проб, выгрузку продукции;",,1,20251107184607,2026-09-08T16:49:16.606125
16,profiminer.ru,https://profiminer.ru/vacancy/4889/,Проходчик,confidential,332000.0,,RUB,,2025-07-22T23:13:29+03:00,2025-07-22T23:13:29+03:00,Билибино,,,"Бурение шпуров ручными и телескопическими перфораторами отечественного и зарубежного производства; Работа на скреперной лебедке Крепление горных выработок; Проходка горизонтальных, вертикальных, наклонных выработок, крепление выработок",,0,,2026-09-08T16:03:33.448330
100,profiminer.ru,https://profiminer.ru/vacancy/4889/,Проходчик,confidential,332000.0,,RUB,,2025-07-22T23:13:29+03:00,2025-07-22T23:13:29+03:00,Билибино,,,"Бурение шпуров ручными и телескопическими перфораторами отечественного и зарубежного производства; Работа на скреперной лебедке Крепление горных выработок; Проходка горизонтальных, вертикальных, наклонных выработок, крепление выработок",,1,20251106233730,2026-09-08T16:49:35.942886
17,profiminer.ru,https://profiminer.ru/vacancy/4888/,Горнорабочий (геологоразведочные работы),confidential,97000.0,,RUB,,2025-07-22T23:08:55+03:00,2025-07-22T23:08:55+03:00,Билибино,,,"на поисковых работах - пробоподготовка, хозяйственные работы по полевому лагерю, участие в геолого-поисковых маршрутах, отбор ЛГХ по ВОР, шлиховое опробование",,0,,2026-09-08T16:03:37.243256
137,profiminer.ru,https://profiminer.ru/vacancy/4888/,Горнорабочий (геологоразведочные работы),confidential,97000.0,,RUB,,2025-07-22T23:08:55+03:00,2025-07-22T23:08:55+03:00,Билибино,,,"на поисковых работах - пробоподготовка, хозяйственные работы по полевому лагерю, участие в геолого-поисковых маршрутах, отбор ЛГХ по ВОР, шлиховое опробование",,1,20251107192333,2026-09-08T17:17:25.135091
18,profiminer.ru,https://profiminer.ru/vacancy/4887/,Арматурщик/Бетонщик,confidential,180000.0,,RUB,,2025-07-22T23:05:00+03:00,2025-07-22T23:05:00+03:00,Билибино,,,Реконструкция ЗИФ (золотоизвлекательная фабрика),,0,,2026-09-08T16:03:40.074396
102,profiminer.ru,https://profiminer.ru/vacancy/4887/,Арматурщик/Бетонщик,confidential,180000.0,,RUB,,2025-07-22T23:05:00+03:00,2025-07-22T23:05:00+03:00,Билибино,,,Реконструкция ЗИФ (золотоизвлекательная фабрика),,1,20251107190117,2026-09-08T16:50:21.957792
19,profiminer.ru,https://profiminer.ru/vacancy/4886/,Горнорабочий на маркшейдерских работах (подземный),confidential,120000.0,,RUB,,2025-07-22T23:01:49+03:00,2025-07-22T23:01:49+03:00,Билибино,,,Работа в паре с маркшейдером: транспортировка маркшейдерского оборудования Работа в подземных условиях,,0,,2026-09-08T16:03:41.933380
103,profiminer.ru,https://profiminer.ru/vacancy/4886/,Горнорабочий на маркшейдерских работах (подземный),confidential,120000.0,,RUB,,2025-07-22T23:01:49+03:00,2025-07-22T23:01:49+03:00,Билибино,,,Работа в паре с маркшейдером: транспортировка маркшейдерского оборудования Работа в подземных условиях,,1,20251107184012,2026-09-08T16:50:40.890181
20,profiminer.ru,https://profiminer.ru/vacancy/4885/,Начальник электроцеха,confidential,,,RUB,,2025-07-22T14:56:36+03:00,2025-07-22T14:56:36+03:00,Билибино,,,"организация и управление работой электроцеха; планирование и координация работы подчинённых сотрудников; контроль за соблюдением норм и правил по безопасности труда, техники безопасности и охраны окружающей среды: разработка и внедрение мероприятий по снижению энергопотребления и повышению энергоэффективности производства; контроль за техническим состоянием оборудования и приборов электроцеха; организация и проведение ремонтных работ, а также регулярное техническое обслуживание оборудования: участие разработке и внедрении новых технологий и методов работы: написание отчетов и документов по деятельности эпектроцеха; взаимодействие с другими отделами предприятия по вопросам производственной деятельности: обеспечение выполнения вверенных ему планов и задач.",,0,,2026-09-08T16:03:45.032145
104,profiminer.ru,https://profiminer.ru/vacancy/4885/,Начальник электроцеха,confidential,,,RUB,,2025-07-22T14:56:36+03:00,2025-07-22T14:56:36+03:00,Билибино,,,"организация и управление работой электроцеха; планирование и координация работы подчинённых сотрудников; контроль за соблюдением норм и правил по безопасности труда, техники безопасности и охраны окружающей среды: разработка и внедрение мероприятий по снижению энергопотребления и повышению энергоэффективности производства; контроль за техническим состоянием оборудования и приборов электроцеха; организация и проведение ремонтных работ, а также регулярное техническое обслуживание оборудования: участие разработке и внедрении новых технологий и методов работы: написание отчетов и документов по деятельности эпектроцеха; взаимодействие с другими отделами предприятия по вопросам производственной деятельности: обеспечение выполнения вверенных ему планов и задач.",,1,20251107180415,2026-09-08T16:50:49.461593
21,profiminer.ru,https://profiminer.ru/vacancy/4884/,Заместитель начальника ПВС (пылевентиляционная служба),confidential,,200000.0,RUB,,2025-07-22T14:53:43+03:00,2025-07-22T14:53:43+03:00,Билибино,,,Руководство производственно-хозяйственной деятельностью ПВС Составление ПМЛЛПА Разработка и контроль схем вентиляции на руднике Работа в АЭРОСЕТЬ,,0,,2026-09-08T16:03:48.171489
105,profiminer.ru,https://profiminer.ru/vacancy/4884/,Заместитель начальника ПВС (пылевентиляционная служба),confidential,,200000.0,RUB,,2025-07-22T14:53:43+03:00,2025-07-22T14:53:43+03:00,Билибино,,,Руководство производственно-хозяйственной деятельностью ПВС Составление ПМЛЛПА Разработка и контроль схем вентиляции на руднике Работа в АЭРОСЕТЬ,,1,20251107192744,2026-09-08T16:51:08.098357
22,profiminer.ru,https://profiminer.ru/vacancy/4883/,Заместитель начальника ПТО,confidential,,190000.0,RUB,,2025-07-22T14:50:20+03:00,2025-07-22T14:50:20+03:00,Билибино,,,"Руководство ПТО и диспетчерской службой АО; Участие в создании среднесрочной и долгосрочной модели развития Рудника. Актуализация этой модели основанная на данных геолого-маркшейдерского замера и краткосрочного планирования; Участие в разработке планов развития горных работ на будущие периоды; Подготовка графических и табличных данных к месячному рассмотрению производственной программы; Подготовка эксплуатационных контуров, краткосрочных графиков работы бурового оборудования, графиков ведения очистных работ, график работ по Россыпному участку.",,0,,2026-09-08T16:03:50.255638
106,profiminer.ru,https://profiminer.ru/vacancy/4883/,Заместитель начальника ПТО,confidential,,190000.0,RUB,,2025-07-22T14:50:20+03:00,2025-07-22T14:50:20+03:00,Билибино,,,"Руководство ПТО и диспетчерской службой АО; Участие в создании среднесрочной и долгосрочной модели развития Рудника. Актуализация этой модели основанная на данных геолого-маркшейдерского замера и краткосрочного планирования; Участие в разработке планов развития горных работ на будущие периоды; Подготовка графических и табличных данных к месячному рассмотрению производственной программы; Подготовка эксплуатационных контуров, краткосрочных графиков работы бурового оборудования, графиков ведения очистных работ, график работ по Россыпному участку.",,1,20251107190408,2026-09-08T16:51:27.013672
23,profiminer.ru,https://profiminer.ru/vacancy/4882/,Главный механик,confidential,,,RUB,,2025-07-22T14:47:39+03:00,2025-07-22T14:47:39+03:00,Билибино,,,"Руководство, организация, обеспечение и контроль проведения всех видов ремонтов и технического обслуживания оборудования рудника. Контроль за бесперебойной и технически правильной эксплуатацией и надежной работой техники рудника. Разработка планов и графиков ТОиР оборудования рудника. Подготовка, формирование и контроль выполнения бюджетов ТОиР оборудования рудника. Организация и контроль выполнения показателей КТГ горно-шахтного оборудования; Организация работы по учету наличия и движения техники, контроль за списанием ТМЦ и остатками на складах; Подготовка предложений по закупке новой техники, проведение технической оценки. Взаимодействие, согласование и контроль исполнения работ подрядными организациями.",,0,,2026-09-08T16:03:54.295197
107,profiminer.ru,https://profiminer.ru/vacancy/4882/,Главный механик,confidential,,,RUB,,2025-07-22T14:47:39+03:00,2025-07-22T14:47:39+03:00,Билибино,,,"Руководство, организация, обеспечение и контроль проведения всех видов ремонтов и технического обслуживания оборудования рудника. Контроль за бесперебойной и технически правильной эксплуатацией и надежной работой техники рудника. Разработка планов и графиков ТОиР оборудования рудника. Подготовка, формирование и контроль выполнения бюджетов ТОиР оборудования рудника. Организация и контроль выполнения показателей КТГ горно-шахтного оборудования; Организация работы по учету наличия и движения техники, контроль за списанием ТМЦ и остатками на складах; Подготовка предложений по закупке новой техники, проведение технической оценки. Взаимодействие, согласование и контроль исполнения работ подрядными организациями.",,1,20251107184530,2026-09-08T16:51:36.627130
24,profiminer.ru,https://profiminer.ru/vacancy/4881/,Механик дизель-генераторной установки,confidential,230000.0,230000.0,RUB,,2025-07-22T14:45:19+03:00,2025-07-22T14:45:19+03:00,Билибино,,,"Выполнение работ по техническому обслуживанию ДГУ; Техническое обслуживание дизельных электростанций: проведение регламентных работ, проведение диагностики электрической и механической частей, устранение механических и электрических неисправностей; Оформление отчетных документов по результатам выполненных работ; Обеспечение соблюдения правил и норм охраны труда и техники безопасности, пожарной безопасности.",,0,,2026-09-08T16:03:57.260915
148,profiminer.ru,https://profiminer.ru/vacancy/4881/,Механик дизель-генераторной установки,confidential,230000.0,230000.0,RUB,,2025-07-22T14:45:19+03:00,2025-07-22T14:45:19+03:00,Билибино,,,"Выполнение работ по техническому обслуживанию ДГУ; Техническое обслуживание дизельных электростанций: проведение регламентных работ, проведение диагностики электрической и механической частей, устранение механических и электрических неисправностей; Оформление отчетных документов по результатам выполненных работ; Обеспечение соблюдения правил и норм охраны труда и техники безопасности, пожарной безопасности.",,1,20251107181352,2026-09-08T17:35:21.111370
25,profiminer.ru,https://profiminer.ru/vacancy/4880/,Машинист буровой установки,confidential,200000.0,230000.0,RUB,,2025-07-22T14:41:09+03:00,2025-07-22T14:41:09+03:00,Билибино,,,Работа на установке колонкового бурения Christensen CS-14 или канатно-ударного БУ-20,,0,,2026-09-08T16:04:04.794927
109,profiminer.ru,https://profiminer.ru/vacancy/4880/,Машинист буровой установки,confidential,200000.0,230000.0,RUB,,2025-07-22T14:41:09+03:00,2025-07-22T14:41:09+03:00,Билибино,,,Работа на установке колонкового бурения Christensen CS-14 или канатно-ударного БУ-20,,1,20251107193213,2026-09-08T16:52:31.482729
26,profiminer.ru,https://profiminer.ru/vacancy/4878/,Помощник машиниста буровой установки,confidential,150000.0,172000.0,RUB,,2025-07-22T14:38:24+03:00,2025-07-22T14:38:24+03:00,Билибино,,,Работа на установке колонкового бурения Christensen CS-14 или канатно-ударного БУ-20,,0,,2026-09-08T16:04:10.427673
27,profiminer.ru,https://profiminer.ru/vacancy/4877/,Машинист буровой установки DE-110/DE-140/C-600,confidential,230000.0,,RUB,,2025-07-22T14:34:36+03:00,2025-07-22T14:34:36+03:00,Билибино,,,Работа на установке колонкового бурения Бурение поисковых и эксплуатационных скважин с отбором керна комплексами ССК,,0,,2026-09-08T16:04:15.232553
28,profiminer.ru,https://profiminer.ru/vacancy/4876/,Водитель фронтального погрузчика,confidential,210000.0,,RUB,,2025-07-22T14:30:40+03:00,2025-07-22T14:30:40+03:00,Билибино,,,,,0,,2026-09-08T16:04:20.659742
29,profiminer.ru,https://profiminer.ru/vacancy/4875/,Машинист бульдозера,confidential,270000.0,270000.0,RUB,,2025-07-22T14:27:40+03:00,2025-07-22T14:27:40+03:00,Билибино,,,"Вскрышные работы до ноября - декабря 2025 года Техническое обслуживание, непосредственное участие в аварийном и плановом ремонтах",,0,,2026-09-08T16:04:25.844556
30,profiminer.ru,https://profiminer.ru/vacancy/4874/,Помощник машиниста буровой установки (открытые горные работы),confidential,150000.0,150000.0,RUB,,2025-07-22T14:24:09+03:00,2025-07-22T14:24:09+03:00,Билибино,,,Проведение буровых работ,,0,,2026-09-08T16:04:30.079384
31,profiminer.ru,https://profiminer.ru/vacancy/4873/,Машинист бульдозера,confidential,,,RUB,,2025-07-22T13:54:02+03:00,2025-07-22T13:54:02+03:00,Билибино,,,"Вскрышные работы до ноября - декабря 2025 года; Техническое обслуживание, непосредственное участие в аварийном и плановом ремонтах.",,0,,2026-09-08T16:04:35.998952
32,profiminer.ru,https://profiminer.ru/vacancy/4872/,Бурильщик шпуров,confidential,425000.0,500000.0,RUB,,2025-07-22T13:51:19+03:00,2025-07-22T13:51:19+03:00,Билибино,,,Проходка горных выработок Бурение шпуров на СБУ в горизонтальных и наклонных выработках,,0,,2026-09-08T16:04:41.293777
33,profiminer.ru,https://profiminer.ru/vacancy/4871/,Помощник машиниста буровой установки DE-110/DE-140/C-600,confidential,200000.0,,RUB,,2025-07-22T13:46:51+03:00,2025-07-22T13:46:51+03:00,Билибино,,,Проведение буровых работ,,0,,2026-09-08T16:04:46.696036
34,profiminer.ru,https://profiminer.ru/vacancy/4870/,Машинист буровой установки DE-110/DE-140/C-600,confidential,250000.0,,RUB,,2025-07-22T13:44:26+03:00,2025-07-22T13:44:26+03:00,Билибино,,,Работа на установке колонкового бурения Бурение поисковых и эксплуатационных скважин с отбором керна комплексами ССК,,0,,2026-09-08T16:04:48.545014
35,profiminer.ru,https://profiminer.ru/vacancy/4869/,Машинист буровой установки (Christensen CS-14),confidential,230000.0,,RUB,,2025-07-22T13:42:00+03:00,2025-07-22T13:42:00+03:00,Билибино,,,"Работа на установке колонкового бурения Christensen CS-14, диаметр бурения hq, глубина бурения до 500м",,0,,2026-09-08T16:04:50.368387
36,profiminer.ru,https://profiminer.ru/vacancy/4868/,Машинист буровой установки (колонковое поверхностное бурение),confidential,230000.0,,RUB,,2025-07-22T13:38:40+03:00,2025-07-22T13:38:40+03:00,Билибино,,,"Работа на установке колонкового бурения Christensen CS-14, диаметр бурения hq, глубина бурения до 500м",,0,,2026-09-08T16:04:56.510969
37,profiminer.ru,https://profiminer.ru/vacancy/4867/,Машинист ПДМ,confidential,,,RUB,,2025-07-22T13:36:01+03:00,2025-07-22T13:36:01+03:00,Билибино,,,"Управление погрузочно-доставочными машинами при проходке горных выработок, на очистных работах Орошение, погрузка, транспортировка и разгрузка горной массы в а/самосвалы, рудоспуск и вагоны Работа на ПДМ (ПСМ) типа Toro-151, ST-710, LH-307; ПСМ EJC-417, RAUS PMKT 10000",,0,,2026-09-08T16:04:58.558965
38,profiminer.ru,https://profiminer.ru/vacancy/4866/,Машинист буровой установки СБУ,confidential,350000.0,500000.0,RUB,,2025-07-22T13:33:31+03:00,2025-07-22T13:33:31+03:00,Билибино,,,Прoходка горныx выpaбoток Бурeниe шпуpов нa CБУ Вoomеr 281 в гоpизонтaльныx и наклонных выpаботкaх,,0,,2026-09-08T16:05:02.206504
39,profiminer.ru,https://profiminer.ru/vacancy/4865/,Машинист бульдозера,confidential,200000.0,,RUB,,2025-07-22T13:28:41+03:00,2025-07-22T13:28:41+03:00,Билибино,,,"Перемещение горной массы Техническое обслуживание, непосредственное участие в аварийном и плановом ремонтах",,0,,2026-09-08T16:05:04.840521
40,profiminer.ru,https://profiminer.ru/vacancy/4864/,Помощник машиниста буровой установки (Christensen CS-14),confidential,172500.0,,RUB,,2025-07-22T13:25:57+03:00,2025-07-22T13:25:57+03:00,Билибино,,,"Бурение вертикальных, наклонных скважин в карьере, буровая установка (Christensen CS-14)",,0,,2026-09-08T16:05:07.685113
41,profiminer.ru,https://profiminer.ru/vacancy/4863/,Машинист крана короткобазного,confidential,253000.0,253000.0,RUB,,2025-07-22T13:18:31+03:00,2025-07-22T13:18:31+03:00,Билибино,,,"Выполнение погрузо-разгрузочных работ на объектах производства Работа на TADANO 65t, XCMG 55 LS5",,0,,2026-09-08T16:05:12.584152
42,profiminer.ru,https://profiminer.ru/vacancy/4854/,Контролер ОТК,confidential,165000.0,165000.0,RUB,,2025-07-16T18:01:47+03:00,2025-07-16T18:01:47+03:00,Билибино,,,Осуществление качественного и своевременного отбора проб Ситовый анализ продуктов,,0,,2026-09-08T16:05:16.617291
43,profiminer.ru,https://profiminer.ru/vacancy/4853/,Контролер ОТК,confidential,140000.0,145000.0,RUB,,2025-07-16T17:56:38+03:00,2025-07-16T17:56:38+03:00,Билибино,,,Осуществление качественного и своевременного отбора проб Ситовый анализ продуктов,,0,,2026-09-08T16:05:21.061407
44,profiminer.ru,https://profiminer.ru/vacancy/4852/,Кладовщик,confidential,170000.0,170000.0,RUB,,2025-07-16T17:41:52+03:00,2025-07-16T17:41:52+03:00,Билибино,,,Работа на складе Соблюдение техники безопасности Размещение ТМЦ по складу,,0,,2026-09-08T16:05:24.508155
45,profiminer.ru,https://profiminer.ru/vacancy/4850/,Кладовщик (на инвентаризацию),confidential,174000.0,,RUB,,2025-07-16T17:38:35+03:00,2025-07-16T17:38:35+03:00,Билибино,,,"Работа с программой 1С, Excel Учёт ТМЦ, инвентаризация, оформление документов; Контроль расхода и движения ТМЦ по складу и подразделениям; Работа с каталогом запасных частей для оборудования и специализированной техники (золотодобыча); Контроль заявок различных подразделений на покупку ТМЦ; Анализ неликвидных складских остатков.",,0,,2026-09-08T16:05:30.270166
46,profiminer.ru,https://profiminer.ru/vacancy/4849/,Заместитель начальника ПТО,confidential,,,RUB,,2025-07-16T17:32:22+03:00,2025-07-16T17:32:22+03:00,Билибино,,,"Руководство ПТО и диспетчерской службой АО; Участие в создании среднесрочной и долгосрочной модели развития Рудника. Актуализация этой модели основанная на данных геолого-маркшейдерского замера и краткосрочного планирования; Участие в разработке планов развития горных работ на будущие периоды; Подготовка графических и табличных данных к месячному рассмотрению производственной программы; Подготовка эксплуатационных контуров, краткосрочных графиков работы бурового оборудования, графиков ведения очистных работ, график работ по Россыпному участку.",,0,,2026-09-08T16:05:32.538554
47,profiminer.ru,https://profiminer.ru/vacancy/4848/,Энергетик ЗИФ,confidential,260000.0,260000.0,RUB,,2025-07-16T14:30:15+03:00,2025-07-16T14:30:15+03:00,Билибино,,,"Содержание электроустановок ЗИФ в работоспособном состоянии Учет, анализ и расследование нарушений в работе электроустановок Подбор электротехнического персонала, обучение и проверка знаний электротехнического и электротехнологического персонала Разработка должностных, производственных инструкций и инструкций по охране труда для электротехнического персонала Учет и рациональное расходование электрической энергии Выполнение предписаний органов энергетического надзора Организация, разработка и ведение документации Организация безопасного проведения всех видов работ в электроустановках Контроль, наличие и своевременность проверок и испытаний средств защиты и пожаротушения Организация оперативного обслуживания электроустановок Проверка соответствия схем электроснабжения Составление ежегодных заявок на запасные части и материалы Ведение табельного учета рабочего времени",,0,,2026-09-08T16:05:36.669168
48,profiminer.ru,https://profiminer.ru/vacancy/4847/,Диспетчер энергосистемы (энергодиспетчер) ДГУ,confidential,195000.0,195000.0,RUB,,2025-07-16T14:27:37+03:00,2025-07-16T14:27:37+03:00,Билибино,,,"Контролировать состояние и правильную эксплуатацию измерительных и испытательных приборов; Руководить работой системы энергоснабжения, управлять оперативно-ремонтным персоналом; Поддерживать напряжение и частоту в сети в пределах нормы, разгружать потребителей энергии, следить за выполнением графиков нагрузки и режимов передачи мощностей, контролировать потребление электроэнергии и других ресурсов, участвовать в ликвидации аварий и нарушений, вести оперативную документацию; Давать распоряжения о включении и выключении оборудования, переключении схем, руководить производством переключений на электрооборудовании; Обеспечивать безопасное выполнение работ персоналом; Организовывать обучение и проверку знаний персонала; Вести техническую документацию энергокомплекса; Контролировать соблюдение правил охраны труда, техники безопасности, производственной дисциплины и внутреннего трудового распорядка; Анализировать результаты работы, правильно и своевременно оформлять документы по учету рабочего времени; Составлять заявки на запасные части, материалы и оборудование для бесперебойной работы.",,0,,2026-09-08T16:05:40.564640
49,profiminer.ru,https://profiminer.ru/vacancy/4846/,Инженер-геолог,confidential,,190000.0,RUB,,2025-07-16T14:13:36+03:00,2025-07-16T14:13:36+03:00,Билибино,,,"Создание и актуализация каркасных и литологических моделей месторождения, Обновление геологических моделей по результатам бурения новых эксплуатационных и поисковых скважин и фактической добычи, Обработка и ведение баз данных месторождения, Обработка маркшейдерских материалов с целью пополнения каркасов горных выработок и топоповерхности",,0,,2026-09-08T16:05:46.044626
50,profiminer.ru,https://profiminer.ru/vacancy/4845/,Старший ресурсный геолог,confidential,,,RUB,,2025-07-16T14:10:43+03:00,2025-07-16T14:10:43+03:00,Билибино,,,"Создание и пополнение баз данных месторождения, контроль за правильностью внесения новых данных. Обработка и интерпретация геологических данных. Пополнение моделей минеральных ресурсов и контроль содержаний всех разрабатываемых, планируемых и перспективных к разработке участков организации. Создание каркасных и блочных моделей месторождения. Подготовка материалов и данных к годовому отчёту, долгосрочному и среднесрочному планированию, а также оценка минеральных ресурсов.",,0,,2026-09-08T16:05:49.448432
51,profiminer.ru,https://profiminer.ru/vacancy/4844/,Горнорабочий (геологические работы),confidential,,,RUB,,2025-07-16T14:07:48+03:00,2025-07-16T14:07:48+03:00,Билибино,,,"Отбор и доставка бороздовых проб, перестановка керновых ящиков, подготовка геологических мешков для проб, изготовления жетонов Подготовка геологических мешков и изготовление жетонов Поиск дубликатов проб для контроля в контейнере геологических проб Сопутствующие работы на территории керноскалда",,0,,2026-09-08T16:05:52.761276
52,profiminer.ru,https://profiminer.ru/vacancy/4843/,Инженер-геолог (моделирование),confidential,,,RUB,,2025-07-16T14:04:59+03:00,2025-07-16T14:04:59+03:00,Билибино,,,Создание и актуализация каркасных и литологических моделей месторождения Обновление геологических моделей по результатам бурения новых эксплуатационных и поисковых скважин и фактической добычи Обработка и ведение баз данных месторождения Обработка маркшейдерских материалов с целью пополнения каркасов горных выработок и топоповерхности,,0,,2026-09-08T16:05:58.304515
53,profiminer.ru,https://profiminer.ru/vacancy/4842/,Участковый геолог ЭРР (подземные работы),confidential,,226201.0,RUB,,2025-07-16T13:55:22+03:00,2025-07-16T13:55:22+03:00,Билибино,,,"Контроль за соблюдением стандартов, инструментов и методик при геологическом сопровождении добычных работ на объектах компании. Составление программ ЭРР, анализ обоснованности объёмов выполнения ЭРР и контроль выполнения программ на объектах компании",,0,,2026-09-08T16:06:03.003878
54,profiminer.ru,https://profiminer.ru/vacancy/4841/,Участковый геолог ГРР (подземные работы),confidential,,208800.0,RUB,,2025-07-16T13:52:09+03:00,2025-07-16T13:52:09+03:00,Билибино,,,Отбор и документация шламовых проб ведение первичной документации,,0,,2026-09-08T16:06:06.818856
55,profiminer.ru,https://profiminer.ru/vacancy/4839/,Главный геолог,confidential,,,RUB,,2025-07-16T13:44:30+03:00,2025-07-16T13:44:30+03:00,Билибино,,,"Осуществлять руководство геологической службой АО ""Рудник Каральвеем"" Выполнение требований охраны недр и других нормативных и законодательных актов РФ Контроль соблюдения условий действующих лицензионных соглашения Проведение детального комплексного изучения эксплуатируемых месторождений Определение наиболее рациональных направлений геологоразведочных и эксплуатационных работ Контроль состояние МСБ Разработка перспектив развития геологических работ в регионе и на предприятии Постановка геологических задач Организация геологических исследований Внедрение современных методик опробования и геологического оборудования Организация труда",,0,,2026-09-08T16:06:11.508080
56,profiminer.ru,https://profiminer.ru/vacancy/4838/,Водитель УАЗ,confidential,115000.0,,RUB,,2025-07-16T13:41:46+03:00,2025-07-16T13:41:46+03:00,Билибино,,,Перевозка персонала предприятия,,0,,2026-09-08T16:06:13.255077
57,profiminer.ru,https://profiminer.ru/vacancy/4837/,Водитель самосвала,confidential,204000.0,210000.0,RUB,,2025-07-16T13:38:30+03:00,2025-07-16T13:38:30+03:00,Билибино,,,"Профессиональное вождение автомобиля Следить за техническим состоянием автомобиля, самостоятельно производить необходимые работы по обеспечению его безопасной эксплуатации (согласно инструкции по эксплуатации), своевременно проводить техническое обслуживание автотранспорта в сервисном центре; Погрузка горной массы",,0,,2026-09-08T16:06:15.590843
58,profiminer.ru,https://profiminer.ru/vacancy/4836/,Водитель Тягача с ДОПОГ,confidential,243600.0,,RUB,,2025-07-16T13:34:34+03:00,2025-07-16T13:34:34+03:00,Билибино,,,Водитель КАМАЗ (завоз топлива),,0,,2026-09-08T16:06:19.188045
59,profiminer.ru,https://profiminer.ru/vacancy/4835/,Бухгалтер по авансовым отчетам,confidential,130000.0,,RUB,,2025-07-16T13:31:26+03:00,2025-07-16T13:31:26+03:00,Москва,,,"опыт работы по учету расчетов с подотчетными лицами, работающих вахтовым методом; восстановление учета расчетов с подотчетными лицами: авансовые отчеты, командировочные расходы, учет а/билетов и ж/д билетов, посадочных талонов и прочих расчетов с работниками, удержания из заработной платы; знание бухгалтерского и налогового учета ( налогообложение натуральных доходов подотчетных лиц, НДФЛ, страховые взносы, компенсации согласно ТК РФ, удержания); отражение расходов с подотчетными лицами на счетах бухгалтерского и налогового учета ( 20-29, 91 счета); учет расчетов с поставщиками и подрядчиками (агентства по приобретению билетов, гостиницы, чартеры); опытный пользователь 1С:УПП; формирование данных для книги покупок ( декларации НДС); подготовка данных для выплаты компенсаций работникам по проезду и проживанию.",,0,,2026-09-08T16:06:23.150525
60,profiminer.ru,https://profiminer.ru/vacancy/4834/,Слесарь по ремонту автомобилей,confidential,167475.0,,RUB,,2025-07-16T13:21:30+03:00,2025-07-16T13:21:30+03:00,Билибино,,,"Ремонт автомобилей; Ремонт топливных систем горной техники; Знание гидравлической системы автомобилей Разборка, ремонт, сборка сложных агрегатов, узлов и приборов и замена их при техническом обслуживании; Выявление и устранение дефектов, неисправностей в процессе эксплуатации горных автомобилей; Регулировка и испытание агрегатов, узлов и приборов, разбраковка деталей после разборки и мойки; Слесарная обработка деталей по 7 - 10 квалитетам с применением универсальных приспособлений",,0,,2026-09-08T16:06:27.327080
61,profiminer.ru,https://profiminer.ru/vacancy/1727/,Электрослесарь 6 разряда,,,,,,,2023-05-26T14:08:51+03:00,,,,,,1,20230530221028,2026-09-08T16:27:15.910322
62,profiminer.ru,https://profiminer.ru/vacancy/1731/,Фельдшер,,,,,,,2023-05-26T14:05:30+03:00,,,,,,1,20230530221850,2026-09-08T16:27:24.189814
63,profiminer.ru,https://profiminer.ru/vacancy/1729/,Токарь-фрезеровщик,,,,,,,2023-05-26T14:04:33+03:00,,,,,,1,20230530210032,2026-09-08T16:27:45.650091
64,profiminer.ru,https://profiminer.ru/vacancy/1739/,Слесарь строительный,,,,,,,2023-05-26T14:03:39+03:00,,,,,,1,20230530220615,2026-09-08T16:27:56.975505
65,profiminer.ru,https://profiminer.ru/vacancy/1720/,Слесарь по ремонту самоходного оборудования (СДО),,,,,,,2023-05-26T14:02:41+03:00,,,,,,1,20230530203330,2026-09-08T16:28:03.751015
66,profiminer.ru,https://profiminer.ru/vacancy/1728/,Слесарь по ремонту ДВС,,,,,,,2023-05-26T14:01:16+03:00,,,,,,1,20230530202037,2026-09-08T16:28:08.189157
67,profiminer.ru,https://profiminer.ru/vacancy/1732/,Повар (полевая кухня),,,,,,,2023-05-26T13:59:03+03:00,,,,,,1,20230530203058,2026-09-08T16:28:30.844865
68,profiminer.ru,https://profiminer.ru/vacancy/1725/,Машинист ПДМ,,,,,,,,,,,,,1,20240205180448,2026-09-08T16:29:17.061505
69,profiminer.ru,https://profiminer.ru/vacancy/1735/,Машинист насосных установок,,,,,,,2023-05-26T13:54:42+03:00,,,,,,1,20230530221352,2026-09-08T16:29:52.583579
70,profiminer.ru,https://profiminer.ru/vacancy/1738/,Машинист конвейера,,,,,,,2023-05-26T13:53:59+03:00,,,,,,1,20230530213248,2026-09-08T16:30:17.983186
71,profiminer.ru,https://profiminer.ru/vacancy/1732/,Повар (полевая кухня),,,,,,,,,,,,,1,20241013110758,2026-09-08T16:32:34.500876
72,profiminer.ru,https://profiminer.ru/vacancy/1725/,Машинист ПДМ,,,,,,,2023-05-26T13:56:19+03:00,,,,,,1,20230530210611,2026-09-08T16:33:21.098315
73,profiminer.ru,https://profiminer.ru/vacancy/3681/,Электрослесарь подземный,,,,,,,2024-10-17T12:13:10+03:00,,,,,,1,20241112052022,2026-09-08T16:35:15.149120
74,profiminer.ru,https://profiminer.ru/vacancy/3680/,Механик ЗИФ,,,,,,,2024-10-17T12:10:29+03:00,,,,,,1,20241112070816,2026-09-08T16:35:21.302147
75,profiminer.ru,https://profiminer.ru/vacancy/3679/,Бухгалтер (учет расходов по вахте),,,,,,,2024-10-17T12:03:50+03:00,,,,,,1,20241112061339,2026-09-08T16:36:44.168465
76,profiminer.ru,https://profiminer.ru/vacancy/3678/,Слесарь по ремонту горного оборудования (ГШО),,,,,,,2024-10-17T12:00:25+03:00,,,,,,1,20241112054759,2026-09-08T16:37:07.172211
77,profiminer.ru,https://profiminer.ru/vacancy/3677/,Слесарь КИПиА,,,,,,,2024-10-17T11:57:39+03:00,,,,,,1,20241112072317,2026-09-08T16:37:27.461174
78,profiminer.ru,https://profiminer.ru/vacancy/3676/,Фильтровальщик ЗИФ,,,,,,,2024-10-17T11:53:13+03:00,,,,,,1,20241219140500,2026-09-08T16:37:48.027261
79,profiminer.ru,https://profiminer.ru/vacancy/3675/,Концентраторщик ЗИФ,,,,,,,2024-10-17T11:48:48+03:00,,,,,,1,20241112061948,2026-09-08T16:38:16.647882
80,profiminer.ru,https://profiminer.ru/vacancy/3674/,Ведущий юрисконсульт,,,,,,,2024-10-17T11:45:28+03:00,,,,,,1,20241112055238,2026-09-08T16:38:26.834863
81,profiminer.ru,https://profiminer.ru/vacancy/3672/,Электрогазосварщик с НАКС,,,,,,,,,,,,,1,20250124202805,2026-09-08T16:39:12.009839
82,profiminer.ru,https://profiminer.ru/vacancy/3671/,Водитель Камаза (топливозаправщик),,,,,,,,,,,,,1,20250124202805,2026-09-08T16:39:37.374293
83,profiminer.ru,https://profiminer.ru/vacancy/3674/,Ведущий юрисконсульт,,,,,,,,,,,,,1,20250307190621,2026-09-08T16:42:45.592040
84,profiminer.ru,https://profiminer.ru/vacancy/3672/,Электрогазосварщик с НАКС,,,,,,,2024-10-16T16:29:42+03:00,,,,,,1,20241112070522,2026-09-08T16:43:15.763235
85,profiminer.ru,https://profiminer.ru/vacancy/3671/,Водитель Камаза (топливозаправщик),,,,,,,2024-10-16T16:26:49+03:00,,,,,,1,20241112062529,2026-09-08T16:43:27.452318
96,profiminer.ru,https://profiminer.ru/vacancy/4893/,Электросварщик ручной сварки,,,,,,,,,,,,,1,20251108041414,2026-09-08T16:48:17.740394
101,profiminer.ru,https://profiminer.ru/vacancy/4888/,Горнорабочий (геологоразведочные работы),,,,,,,,,,,,,1,20251108041414,2026-09-08T16:50:01.354547
108,profiminer.ru,https://profiminer.ru/vacancy/4881/,Механик дизель-генераторной установки,,,,,,,,,,,,,1,20251108041414,2026-09-08T16:52:20.079085
110,profiminer.ru,https://profiminer.ru/vacancy/1734/,Машинист бульдозера,,,,,,,2023-05-26T13:51:51+03:00,,,,,,1,20240205180601,2026-09-08T16:53:20.950941
111,profiminer.ru,https://profiminer.ru/vacancy/1724/,Машинист автокрана (крановщик),,,,,,,2023-05-26T13:51:05+03:00,,,,,,1,20240205180607,2026-09-08T16:53:28.055695
112,profiminer.ru,https://profiminer.ru/vacancy/1740/,Мастер строительно-монтажных работ (СМР),,,,,,,2023-05-26T13:49:53+03:00,,,,,,1,20240205180614,2026-09-08T16:53:44.112456
113,profiminer.ru,https://profiminer.ru/vacancy/1726/,Мастер ОТК,,,,,,,2023-05-26T13:47:54+03:00,,,,,,1,20240205180559,2026-09-08T16:54:59.838879
114,profiminer.ru,https://profiminer.ru/vacancy/1723/,Мастер КИПиА,,,,,,,2023-05-26T13:46:48+03:00,,,,,,1,20240205180713,2026-09-08T16:55:05.298718
115,profiminer.ru,https://profiminer.ru/vacancy/1721/,Водитель самосвала (погрузка горной массы),,,,,,,2023-05-26T13:31:20+03:00,,,,,,1,20240205180613,2026-09-08T16:55:17.892321
116,profiminer.ru,https://profiminer.ru/vacancy/1719/,Маркшейдер участка (подземный Рудник),,,,,,,2023-05-26T13:46:05+03:00,,,,,,1,20240205180710,2026-09-08T16:55:33.596556
117,profiminer.ru,https://profiminer.ru/vacancy/1737/,Лаборант пробирного анализа,,,,,,,2023-05-26T13:45:19+03:00,,,,,,1,20240205180559,2026-09-08T16:56:20.538787
118,profiminer.ru,https://profiminer.ru/vacancy/1730/,Инженер ПТО,,,,,,,2023-05-26T13:41:48+03:00,,,,,,1,20240205180638,2026-09-08T16:56:31.599727
119,profiminer.ru,https://profiminer.ru/vacancy/1741/,Дробильщик,,,,,,,2023-05-26T13:40:19+03:00,,,,,,1,20240205180657,2026-09-08T16:56:46.461184
120,profiminer.ru,https://profiminer.ru/vacancy/1734/,Машинист бульдозера,,,,,,,,,,,,,1,20240520062723,2026-09-08T17:03:41.969819
121,profiminer.ru,https://profiminer.ru/vacancy/1724/,Машинист автокрана (крановщик),,,,,,,,,,,,,1,20240520062723,2026-09-08T17:04:46.949212
122,profiminer.ru,https://profiminer.ru/vacancy/1734/,Машинист бульдозера,,,,,,,,,,,,,1,20240807221646,2026-09-08T17:07:52.810095
123,profiminer.ru,https://profiminer.ru/vacancy/1730/,Инженер ПТО,,,,,,,,,,,,,1,20240807221646,2026-09-08T17:10:56.960561
124,profiminer.ru,https://profiminer.ru/vacancy/1741/,Дробильщик,,,,,,,,,,,,,1,20240807221646,2026-09-08T17:11:58.515200
125,profiminer.ru,https://profiminer.ru/vacancy/3670/,Энергетик ЗИФ,,,,,,,2024-10-16T16:22:25+03:00,,,,,,1,20241219140610,2026-09-08T17:12:31.150512
126,profiminer.ru,https://profiminer.ru/vacancy/3668/,Контролер ОТК,,,,,,,2024-10-16T16:18:38+03:00,,,,,,1,20241219140410,2026-09-08T17:12:50.681422
127,profiminer.ru,https://profiminer.ru/vacancy/3667/,"Машинист самоходной буровой установки (Simba 7D, DL 331)",,,,,,,2024-10-16T16:13:25+03:00,,,,,,1,20241219140511,2026-09-08T17:12:58.895315
128,profiminer.ru,https://profiminer.ru/vacancy/3666/,Электрослесарь ЗИФ,,,,,,,2024-10-16T16:10:18+03:00,,,,,,1,20241219140530,2026-09-08T17:13:28.831399
129,profiminer.ru,https://profiminer.ru/vacancy/3664/,Слесарь участка тепловодоснабжения,,,,,,,,,,,,,1,20241213184951,2026-09-08T17:13:37.059485
130,profiminer.ru,https://profiminer.ru/vacancy/3663/,Электромонтер по испытаниям и измерениям,,,,,,,2024-10-16T15:50:28+03:00,,,,,,1,20241219155906,2026-09-08T17:13:46.666946
131,profiminer.ru,https://profiminer.ru/vacancy/3662/,Ресурсный геолог,,,,,,,2024-10-16T15:47:55+03:00,,,,,,1,20241219155240,2026-09-08T17:14:16.763778
132,profiminer.ru,https://profiminer.ru/vacancy/3661/,Электрогазосварщик,,,,,,,2024-10-16T15:45:25+03:00,,,,,,1,20241219170201,2026-09-08T17:14:48.319188
133,profiminer.ru,https://profiminer.ru/vacancy/3660/,Электромонтер по ремонту и обслуживанию электрооборудования,,,,,,,2024-10-16T15:37:31+03:00,,,,,,1,20241219170544,2026-09-08T17:15:16.751910
134,profiminer.ru,https://profiminer.ru/vacancy/3657/,Дробильщик ОТК,,,,,,,2024-10-16T15:33:53+03:00,,,,,,1,20241219165816,2026-09-08T17:15:54.451440
136,profiminer.ru,https://profiminer.ru/vacancy/4889/,Проходчик,,,,,,,,,,,,,1,20250815155325,2026-09-08T17:17:10.163092
138,profiminer.ru,https://profiminer.ru/vacancy/1722/,Главный инженер проектов,,,,,,,2023-05-26T13:35:39+03:00,,,,,,1,20240205180636,2026-09-08T17:19:29.040055
139,profiminer.ru,https://profiminer.ru/vacancy/1733/,Аппаратчик сгустителей,,,,,,,2023-05-26T00:22:11+03:00,,,,,,1,20240205180757,2026-09-08T17:19:44.545629
140,profiminer.ru,https://profiminer.ru/vacancy/1736/,Автослесарь,,,,,,,2023-05-26T13:30:11+03:00,,,,,,1,20240205180725,2026-09-08T17:19:56.634801
141,profiminer.ru,https://profiminer.ru/vacancy/1718/,Проходчик/Горнорабочий очистного забоя,,,,,,,2023-05-26T14:00:37+03:00,,,,,,1,20240205180628,2026-09-08T17:20:27.057579
142,profiminer.ru,https://profiminer.ru/vacancy/1717/,Помощник специалиста по подбору персонала,,,,,,,2023-05-26T13:59:58+03:00,,,,,,1,20240205181233,2026-09-08T17:21:07.810989
143,profiminer.ru,https://profiminer.ru/vacancy/1715/,Машинист фронтального погрузчика,,,,,,,2023-05-26T13:57:26+03:00,,,,,,1,20240205180753,2026-09-08T17:21:21.925139
144,profiminer.ru,https://profiminer.ru/vacancy/1716/,Инженер-проектировщик систем электроснабжения,,,,,,,2023-05-26T13:43:35+03:00,,,,,,1,20240205180756,2026-09-08T17:21:52.403538
145,profiminer.ru,https://profiminer.ru/vacancy/1714/,Слесарь по ремонту дорожно-строительной техники и тракторов,,,,,,,2023-05-26T14:01:57+03:00,,,,,,1,20240205180708,2026-09-08T17:22:19.008297
146,profiminer.ru,https://profiminer.ru/vacancy/1713/,Машинист экскаватора,,,,,,,2023-05-26T13:58:16+03:00,,,,,,1,20240205180637,2026-09-08T17:22:24.217602
147,profiminer.ru,https://profiminer.ru/vacancy/1717/,Помощник специалиста по подбору персонала,,,,,,,,,,,,,1,20240807211648,2026-09-08T17:32:46.224448
149,profiminer.ru,https://profiminer.ru/vacancy/4878/,Помощник машиниста буровой установки,,,,,,,,,,,,,1,20250815145551,2026-09-08T17:35:50.555181
150,profiminer.ru,https://profiminer.ru/vacancy/4877/,Машинист буровой установки DE-110/DE-140/C-600,,,,,,,,,,,,,1,20250815145551,2026-09-08T17:36:34.347702
151,profiminer.ru,https://profiminer.ru/vacancy/4876/,Водитель фронтального погрузчика,,,,,,,,,,,,,1,20250815145551,2026-09-08T17:36:43.292880
152,profiminer.ru,https://profiminer.ru/vacancy/4875/,Машинист бульдозера,,,,,,,,,,,,,1,20250815145551,2026-09-08T17:36:52.729940
153,profiminer.ru,https://profiminer.ru/vacancy/4874/,Помощник машиниста буровой установки (открытые горные работы),,,,,,,,,,,,,1,20250815145551,2026-09-08T17:37:03.629158
154,profiminer.ru,https://profiminer.ru/vacancy/4873/,Машинист бульдозера,,,,,,,,,,,,,1,20250815145551,2026-09-08T17:37:08.132809
155,profiminer.ru,https://profiminer.ru/vacancy/3646/,Аппаратчик-гидрометаллург,,,,,,,2024-10-16T13:27:38+03:00,,,,,,1,20241220200446,2026-09-08T17:37:56.580644
156,profiminer.ru,https://profiminer.ru/vacancy/3645/,Геодезист,,,,,,,2024-10-16T13:24:54+03:00,,,,,,1,20241220040119,2026-09-08T17:38:18.146774
157,profiminer.ru,https://profiminer.ru/vacancy/3644/,Машинист телескопического погрузчика,,,,,,,2024-10-16T13:21:44+03:00,,,,,,1,20241220041737,2026-09-08T17:38:31.229173
158,profiminer.ru,https://profiminer.ru/vacancy/3643/,"Водитель тягача (полуприцеп) категория С, Е",,,,,,,2024-10-16T13:12:16+03:00,,,,,,1,20241220041603,2026-09-08T17:39:00.731107
159,profiminer.ru,https://profiminer.ru/vacancy/3642/,Монтажник ЖБК,,,,,,,,,,,,,1,20241112062743,2026-09-08T17:39:35.874013
160,profiminer.ru,https://profiminer.ru/vacancy/3641/,Мастер строительно-монтажных работ (СМР),,,,,,,2024-10-16T12:51:13+03:00,,,,,,1,20241220092106,2026-09-08T17:39:58.370895
161,profiminer.ru,https://profiminer.ru/vacancy/1728/,Слесарь по ремонту ДВС,,,,,,,,,,,,,1,20241112062743,2026-09-08T17:40:43.158987
162,profiminer.ru,https://profiminer.ru/vacancy/3642/,Монтажник ЖБК,,,,,,,2024-10-16T13:07:19+03:00,,,,,,1,20241213181011,2026-09-08T17:43:10.828635
